Alex J. Best <alex.j.best@gmail.com>
Avi Kulkarni <avinash@mis.mpg.de>
Avi Kulkarni <avinash@mis.mpg.de> <akulkarn@sfu.ca>
Carlo Sircana <sircana@mathematik.uni-kl.de>
Claus Fieker <fieker@mathematik.uni-kl.de>
Claus Fieker <fieker@mathematik.uni-kl.de> <claus.fieker@gmail.com>
Claus Fieker <fieker@mathematik.uni-kl.de> <fieker@murrumesh.mathematik.uni-kl.de>
Daniel Schultz <tthsqe12@gmail.com>
Édouard Rousseau <erousseau@enst.fr>
Édouard Rousseau <erousseau@enst.fr> <edouard.rousseau@u-psud.fr>
Édouard Rousseau <erousseau@enst.fr> <rousseau.edouard@gmail.com>
Erec Thorn <46810802+erecthorn@users.noreply.github.com>
Henry Gebhardt <hsggebhardt@psu.edu> <hsggebhardt@gmail.com>
Jean Kieffer <jkieffer@andromede>
Johannes Schmitt <jschmitt@posteo.eu> <JSchmitt@eduroam-ipv4-1530.triple-a.uni-kl.de>
Johannes Schmitt <jschmitt@posteo.eu> <johannes.schmitt@ruhr-uni-bochum.de>
Johannes Schmitt <jschmitt@posteo.eu> <schmitt@mathematik.uni-kl.de>
John Abbott <John.Abbott@rptu.de>
John Abbott <John.Abbott@rptu.de> <124266874+JohnAAbbott@users.noreply.github.com>
Lars Göttgens <lars.goettgens@rwth-aachen.de> <lars.goettgens@gmail.com>
Marek Kaluba <kalmar@amu.edu.pl>
Peter Luschny <peter.luschny@gmail.com>
Simon Brandhorst <brandhorst@math.uni-sb.de>
Simon Brandhorst <brandhorst@math.uni-sb.de> <51749255+simonbrandhorst@users.noreply.github.com>
Thomas Breuer <sam@math.rwth-aachen.de>
Tommy Hofmann <thofma@gmail.com>
Varun Trehan <varuntrehan7@gmail.com>
William Hart <goodwillhart@googlemail.com>
Yue Ren <yue.ren.kl@gmail.com>
